[null,{"name":"sunucu-gösterge","permissions":"MANAGE_CHANNELS","restriction":"1","_id":"eoPnh","actions":[{"server":"0","varName":"","info":"27","storage":"1","varName2":"aktifkişi","name":"Store Server Info"},{"server":"0","varName":"","info":"28","storage":"1","varName2":"çevrimdışı kişi sayısı","name":"Store Server Info"},{"server":"0","varName":"","info":"23","storage":"1","varName2":"toplam kanallar","name":"Store Server Info"},{"server":"0","varName":"","info":"38","storage":"1","varName2":"yazı kanalları","name":"Store Server Info"},{"server":"0","varName":"","info":"39","storage":"1","varName2":"ses kanalları","name":"Store Server Info"},{"server":"0","varName":"","info":"34","storage":"1","varName2":"bot sayısı","name":"Store Server Info"},{"channelName":"Sunucu İstatikleri:","categoryID":"","topic":"","position":"0","storage":"1","varName":"istatistik","name":"Create Text Channel"},{"storage":"3","varName":"istatistik","permission":"SEND_MESSAGES","state":"1","name":"Set Channel Permissions"},{"channel":"5","varName":"istatistik","message":"**Sunucu İstatistikleri**\n---\nÇevrimiçi Kişi Sayısı: ${tempVars(\"aktifkişi\")}\n---\nÇevrimdışı Kişi Sayısı: ${tempVars(\"çevrimdışı kişi sayısı\")}\n---\nToplam Metin Kanalları: ${tempVars(\"yazı kanalları\")}\n---\nToplam Ses Kanalları: ${tempVars(\"ses kanalları\")}\n---\nToplam Kanallar: ${tempVars(\"toplam kanallar\")}\n---\nSunucudaki Toplam Bot Sayısı: ${tempVars(\"bot sayısı\")}","storage":"2","varName2":"mesaj","name":"Send Message"}]},{"name":"temizle","permissions":"NONE","restriction":"1","_id":"zZYVQ","actions":[{"member":"1","varName":"","permission":"MANAGE_MESSAGES","iftrue":"3","iftrueVal":"2","iffalse":"0","iffalseVal":"2","name":"Check Member Permissions"},{"channel":"0","varName":"","message":"Bu Komutu Kullanabilmek İçin Yetkiniz Bulunmamaktadır!","storage":"0","varName2":"","name":"Send Message"},{"name":"End Action Sequence"},{"info":"1","infoIndex":"1","storage":"1","varName":"değer","name":"Store Command Params"},{"channel":"0","count":"${tempVars(\"değer\")}","condition":"0","custom":"","varName":"","name":"Delete Bulk Messages"},{"title":"${tempVars(\"değer\")} Adet Mesaj Yakıldı! 🔥","author":"","color":"","timestamp":"true","url":"","authorIcon":"","imageUrl":"","thumbUrl":"","storage":"1","varName":"embed","name":"Create Embed Message"},{"storage":"1","varName":"embed","channel":"0","varName2":"","storage3":"0","varName3":"","name":"Send Embed Message"},{"storage":"0","varName":"embed","name":"Delete Message"},{"time":"5","measurement":"1","name":"Wait"},{"storage":"1","varName":"embed","name":"Delete Message"}]}]