[null,{"name":"sunucu-gösterge","permissions":"NONE","restriction":"1","_id":"eoPnh","actions":[{"server":"0","varName":"","info":"27","storage":"1","varName2":"aktifkişi","name":"Store Server Info"},{"server":"0","varName":"","info":"28","storage":"1","varName2":"çevrimdışı kişi sayısı","name":"Store Server Info"},{"server":"0","varName":"","info":"23","storage":"1","varName2":"toplam kanallar","name":"Store Server Info"},{"server":"0","varName":"","info":"38","storage":"1","varName2":"yazı kanalları","name":"Store Server Info"},{"server":"0","varName":"","info":"39","storage":"1","varName2":"ses kanalları","name":"Store Server Info"},{"server":"0","varName":"","info":"34","storage":"1","varName2":"bot sayısı","name":"Store Server Info"},{"storage":"2","varName":"mesaj","message":"**Sunucu İstatistikleri**\n---\nÇevrimiçi Kişi Sayısı: ${tempVars(\"aktifkişi\")}\n---\nÇevrimdışı Kişi Sayısı: ${tempVars(\"çevrimdışı kişi sayısı\")}\n---\nToplam Metin Kanalları: ${tempVars(\"yazı kanalları\")}\n---\nToplam Ses Kanalları: ${tempVars(\"ses kanalları\")}\n---\nToplam Kanallar: ${tempVars(\"toplam kanallar\")}\n---\nSunucudaki Toplam Bot Sayısı: ${tempVars(\"bot sayısı\")}","name":"Edit Message"}],"event-type":"3","temp":"10"}]